{"cameraMode":{"drawMode":0,"name":"Shaded","section":"Shading Mode"},"sceneLighting":true,"audioPlay":false,"sceneViewState":{"m_AlwaysRefresh":false,"showFog":true,"showSkybox":true,"showFlares":true,"showImageEffects":true,"showParticleSystems":true,"showVisualEffectGraphs":true,"m_FxEnabled":true},"in2DMode":false,"pivot":{"x":9.040468215942383,"y":0.4821653366088867,"z":7.603944778442383},"rotation":{"x":0.18670499324798585,"y":0.2915119230747223,"z":-0.05812746286392212,"w":0.9363806843757629},"size":16.006328582763673,"orthographic":false}