{"cameraMode":{"drawMode":0,"name":"Shaded","section":"Shading Mode"},"sceneLighting":true,"audioPlay":false,"sceneViewState":{"m_AlwaysRefresh":false,"showFog":true,"showSkybox":true,"showFlares":true,"showImageEffects":true,"showParticleSystems":true,"showVisualEffectGraphs":true,"m_FxEnabled":true},"in2DMode":false,"pivot":{"x":-0.4284172058105469,"y":-0.05373191833496094,"z":0.48258113861083987},"rotation":{"x":-0.09152910113334656,"y":0.892423689365387,"z":-0.21018829941749574,"w":-0.3886169195175171},"size":9.87911319732666,"orthographic":false}