{"cameraMode":{"drawMode":0,"name":"Shaded","section":"Shading Mode"},"sceneLighting":true,"audioPlay":false,"sceneViewState":{"m_AlwaysRefresh":false,"showFog":true,"showSkybox":true,"showFlares":true,"showImageEffects":true,"showParticleSystems":true,"showVisualEffectGraphs":true,"m_FxEnabled":true},"in2DMode":false,"pivot":{"x":-3.3142027854919435,"y":1.0253032445907593,"z":7.565215110778809},"rotation":{"x":0.06027398258447647,"y":-0.0011903352569788695,"z":0.00007018051110208035,"w":0.9981938600540161},"size":3.9496419429779054,"orthographic":false}